Workbook

Sheet README
A1: NEO Factory Ramp Model — 10k to 100k robots/yr
A2: Prepared by Tristan Massicotte (U of T Industrial Engineering) · October 2026 · ILLUSTRATIVE — built only from public information
A4: What this is | B4: A small planning model showing what the NEO ramp means on the floor: takt time, motor-line pace, station count, clear-to-build and the excess/obsolete (E&O) risk of a mid-ramp BOM change.
A5: What this is NOT | B5: It contains no 1X internal data. Every yellow cell is an assumption or placeholder. Replace them with real numbers and every result recalculates.
A6: Legend | B6: Blue text = input you can change · Yellow fill = key assumption to replace with real data · Black = formula · Green = formula pulling from another tab
A7: Tabs | B7: Inputs → Takt → Station Sizing → Clear-to-Build → BOM Change
A9: Public sources
A10: Capacity 10k/yr, target 100k+/yr by end 2027 | B10: 1X, 'NEO Factory | Building Your NEO', 1x.tech/discover/neo-factory (Apr 30 2026); GlobeNewswire release (Apr 30 2026)
A11: Single-piece flow, pre-kitted stations, automated motor lines, 17,000 motors built | B11: 1x.tech/discover/neo-factory (Apr 30 2026)
A12: 75 degrees of freedom per NEO (22 per hand) | B12: humanoid.guide NEO spec sheet (launch spec, Oct 2025). New 25-DoF hands announced Jul 9 2026 may change the count.
A13: 10,000 hands targeted in 2026 | B13: 1X 'NEO's Hands' announcement (Jul 9 2026), as reported by humanoid.guide and Noqta
A14: Five commodity areas | B14: 1X job posting 'Supply Chain Planner – Advanced Robotics Commodities' (1x.tech/open-positions)

Sheet Inputs
A1: Inputs & assumptions
A2: Change blue cells. Yellow = assumption that should be replaced with real 1X data.
A4: Parameter | B4: Value | C4: Unit | D4: Basis / source
A5: Working days per year | B5: 250 | C5: days | D5: Assumption: 5-day weeks, 50 weeks
A6: Shifts per day | B6: 2 | C6: shifts | D6: Assumption
A7: Hours per shift | B7: 8 | C7: h | D7: Assumption
A8: Availability (share of shift time the line runs) | B8: 1 | C8: % | D8: Assumption: 100% gives the theoretical takt. Set ~0.85–0.90 for breaks, changeovers, downtime
A9: Actuated joints (≈ motors) per robot | B9: 75 | C9: motors | D9: Public spec: 75 DoF (humanoid.guide). Assumes 1 motor per actuated joint
A10: Hands per robot | B10: 2 | C10: hands | D10: Physical
A11: Hands targeted for 2026 (public) | B11: 10000 | C11: hands | D11: 1X hand announcement, Jul 9 2026
A12: Final-assembly work content per robot | B12: 900 | C12: labour-min | D12: PLACEHOLDER — no public data. Replace with real routing time
A13: Line balance efficiency | B13: 0.85 | C13: % | D13: Assumption: typical manual line
A14: Automated motor-cell cycle time | B14: 30 | C14: sec / motor | D14: PLACEHOLDER — no public data
A15: Available hours per year | B15: =B5*B6*B7*B8 -> 4000 | C15: h | D15: Days × shifts × hours × availability

Sheet Takt
A1: Takt time at each ramp step
A2: Takt = available time ÷ demand. The pace one station must hit for the line to meet volume.
A4: Annual volume (robots/yr) | B4: Robot takt (min) | C4: Robots per hour | D4: Motors per year | E4: Motor takt (sec) | F4: Hands per year needed | G4: Hands needed ÷ 2026 hand target
A5: 10000 | B5: =Inputs!$B$15*60/A5 -> 24 | C5: =A5/Inputs!$B$15 -> 2.5 | D5: =A5*Inputs!$B$9 -> 750000 | E5: =Inputs!$B$15*3600/D5 -> 19.2 | F5: =A5*Inputs!$B$10 -> 20000 | G5: =F5/Inputs!$B$11 -> 2
A6: 25000 | B6: =Inputs!$B$15*60/A6 -> 9.6 | C6: =A6/Inputs!$B$15 -> 6.25 | D6: =A6*Inputs!$B$9 -> 1875000 | E6: =Inputs!$B$15*3600/D6 -> 7.68 | F6: =A6*Inputs!$B$10 -> 50000 | G6: =F6/Inputs!$B$11 -> 5
A7: 50000 | B7: =Inputs!$B$15*60/A7 -> 4.8 | C7: =A7/Inputs!$B$15 -> 12.5 | D7: =A7*Inputs!$B$9 -> 3750000 | E7: =Inputs!$B$15*3600/D7 -> 3.84 | F7: =A7*Inputs!$B$10 -> 100000 | G7: =F7/Inputs!$B$11 -> 10
A8: 100000 | B8: =Inputs!$B$15*60/A8 -> 2.4 | C8: =A8/Inputs!$B$15 -> 25 | D8: =A8*Inputs!$B$9 -> 7500000 | E8: =Inputs!$B$15*3600/D8 -> 1.92 | F8: =A8*Inputs!$B$10 -> 200000 | G8: =F8/Inputs!$B$11 -> 20
A10: Shift-pattern sensitivity at 100,000 robots/yr (robot takt, min)
A11: Shifts per day | B11: Available h/yr | C11: Robot takt (min) | D11: Motor takt (sec)
A12: 1 | B12: =Inputs!$B$5*A12*Inputs!$B$7*Inputs!$B$8 -> 2000 | C12: =B12*60/100000 -> 1.2 | D12: =B12*3600/(100000*Inputs!$B$9) -> 0.96
A13: 2 | B13: =Inputs!$B$5*A13*Inputs!$B$7*Inputs!$B$8 -> 4000 | C13: =B13*60/100000 -> 2.4 | D13: =B13*3600/(100000*Inputs!$B$9) -> 1.92
A14: 3 | B14: =Inputs!$B$5*A14*Inputs!$B$7*Inputs!$B$8 -> 6000 | C14: =B14*60/100000 -> 3.6 | D14: =B14*3600/(100000*Inputs!$B$9) -> 2.88
A16: Reading: going from 10k to 100k/yr cuts robot takt 10×. The motor line feels it most: ~75 motors per robot means a motor every ~2 s at 100k on two shifts.
A17: Hands check: if the 10,000-hand 2026 target counts single hands, it covers ~5,000 robots (2 hands each). Worth confirming how it is counted.

Sheet Station Sizing
A1: What the takt means for the floor
A2: Manual stations = work content ÷ (takt × balance efficiency). Motor cells = cell cycle ÷ motor takt. Both rounded up.
A4: Annual volume (robots/yr) | B4: Robot takt (min) | C4: Manual assembly stations needed | D4: Motor takt (sec) | E4: Automated motor cells needed
A5: =Takt!A5 -> 10000 | B5: =Takt!B5 -> 24 | C5: =ROUNDUP(Inputs!$B$12/(B5*Inputs!$B$13),0) -> 45 | D5: =Takt!E5 -> 19.2 | E5: =ROUNDUP(Inputs!$B$14/D5,0) -> 2
A6: =Takt!A6 -> 25000 | B6: =Takt!B6 -> 9.6 | C6: =ROUNDUP(Inputs!$B$12/(B6*Inputs!$B$13),0) -> 111 | D6: =Takt!E6 -> 7.68 | E6: =ROUNDUP(Inputs!$B$14/D6,0) -> 4
A7: =Takt!A7 -> 50000 | B7: =Takt!B7 -> 4.8 | C7: =ROUNDUP(Inputs!$B$12/(B7*Inputs!$B$13),0) -> 221 | D7: =Takt!E7 -> 3.84 | E7: =ROUNDUP(Inputs!$B$14/D7,0) -> 8
A8: =Takt!A8 -> 100000 | B8: =Takt!B8 -> 2.4 | C8: =ROUNDUP(Inputs!$B$12/(B8*Inputs!$B$13),0) -> 442 | D8: =Takt!E8 -> 1.92 | E8: =ROUNDUP(Inputs!$B$14/D8,0) -> 16
A10: Work content and motor-cell cycle are placeholders (yellow on Inputs). The point is the scaling: ~10× the stations or cells for the same design, which is why the ramp is an automation and line-design problem, not just more people.

Sheet Clear-to-Build
A1: Clear-to-build: how many robots can we start today?
A2: Buildable = MIN over commodities of FLOOR(on-hand kits ÷ kits per robot). Example quantities only.
A4: Commodity area (from 1X job posting) | B4: On-hand (kits) | C4: Kits per robot | D4: Robots buildable | E4: Is constraint?
A5: Motors, PCBs & batteries | B5: 1800 | C5: 1 | D5: =INT(B5/C5) -> 1800 | E5: =IF(D5=$B$11,"◄ CONSTRAINT","")
A6: Head, neck, spine & torso assemblies | B6: 1300 | C6: 1 | D6: =INT(B6/C6) -> 1300 | E6: =IF(D6=$B$11,"◄ CONSTRAINT","")
A7: Upper arm, forearm & hand mechanisms | B7: 1900 | C7: 2 | D7: =INT(B7/C7) -> 950 | E7: =IF(D7=$B$11,"◄ CONSTRAINT","") -> ◄ CONSTRAINT
A8: Leg & foot structural systems | B8: 2400 | C8: 2 | D8: =INT(B8/C8) -> 1200 | E8: =IF(D8=$B$11,"◄ CONSTRAINT","")
A9: Final assembly & test components | B9: 1500 | C9: 1 | D9: =INT(B9/C9) -> 1500 | E9: =IF(D9=$B$11,"◄ CONSTRAINT","")
A11: Clear to build (robots) | B11: =MIN(D5:D9) -> 950
A12: Weekly build plan (robots/week) | B12: =Takt!A5/Inputs!B5*5 -> 200
A13: Weeks of coverage | B13: =B11/B12 -> 4.75
A15: Example values only. A 'hand mechanisms' line at 2 kits per robot is often where the constraint hides: the per-robot quantity doubles the pull on supply.

Sheet BOM Change
A1: Mid-ramp BOM change: excess & obsolete (E&O) exposure
A2: Example: an old-revision hand module is replaced at a cut-in week. Stock left at cut-in becomes E&O. Change the cut-in week and receipts to see the trade-off.
A4: Old-revision parts on hand at week 1 | B4: 1200
A5: Parts per robot | B5: 2
A6: Builds per week | B6: 200
A7: Cut-in week of new revision (first week on new part) | B7: 6
A8: Unit cost of old part ($) | B8: 450
A10: Week | B10: Planned builds | C10: Old-part usage | D10: Old-part receipts (open POs) | E10: Ending old-part inventory | F10: Shortage (units)
A11: 1 | B11: =$B$6 -> 200 | C11: =IF(A11<$B$7,B11*$B$5,0) -> 400 | D11: 0 | E11: =MAX(0,$B$4+D11-C11) -> 800 | F11: =MAX(0,C11-($B$4+D11)) -> 0
A12: 2 | B12: =$B$6 -> 200 | C12: =IF(A12<$B$7,B12*$B$5,0) -> 400 | D12: 400 | E12: =MAX(0,E11+D12-C12) -> 800 | F12: =MAX(0,C12-(E11+D12)) -> 0
A13: 3 | B13: =$B$6 -> 200 | C13: =IF(A13<$B$7,B13*$B$5,0) -> 400 | D13: 400 | E13: =MAX(0,E12+D13-C13) -> 800 | F13: =MAX(0,C13-(E12+D13)) -> 0
A14: 4 | B14: =$B$6 -> 200 | C14: =IF(A14<$B$7,B14*$B$5,0) -> 400 | D14: 400 | E14: =MAX(0,E13+D14-C14) -> 800 | F14: =MAX(0,C14-(E13+D14)) -> 0
A15: 5 | B15: =$B$6 -> 200 | C15: =IF(A15<$B$7,B15*$B$5,0) -> 400 | D15: 400 | E15: =MAX(0,E14+D15-C15) -> 800 | F15: =MAX(0,C15-(E14+D15)) -> 0
A16: 6 | B16: =$B$6 -> 200 | C16: =IF(A16<$B$7,B16*$B$5,0) -> 0 | D16: 400 | E16: =MAX(0,E15+D16-C16) -> 1200 | F16: =MAX(0,C16-(E15+D16)) -> 0
A17: 7 | B17: =$B$6 -> 200 | C17: =IF(A17<$B$7,B17*$B$5,0) -> 0 | D17: 0 | E17: =MAX(0,E16+D17-C17) -> 1200 | F17: =MAX(0,C17-(E16+D17)) -> 0
A18: 8 | B18: =$B$6 -> 200 | C18: =IF(A18<$B$7,B18*$B$5,0) -> 0 | D18: 0 | E18: =MAX(0,E17+D18-C18) -> 1200 | F18: =MAX(0,C18-(E17+D18)) -> 0
A19: 9 | B19: =$B$6 -> 200 | C19: =IF(A19<$B$7,B19*$B$5,0) -> 0 | D19: 0 | E19: =MAX(0,E18+D19-C19) -> 1200 | F19: =MAX(0,C19-(E18+D19)) -> 0
A20: 10 | B20: =$B$6 -> 200 | C20: =IF(A20<$B$7,B20*$B$5,0) -> 0 | D20: 0 | E20: =MAX(0,E19+D20-C20) -> 1200 | F20: =MAX(0,C20-(E19+D20)) -> 0
A21: 11 | B21: =$B$6 -> 200 | C21: =IF(A21<$B$7,B21*$B$5,0) -> 0 | D21: 0 | E21: =MAX(0,E20+D21-C21) -> 1200 | F21: =MAX(0,C21-(E20+D21)) -> 0
A22: 12 | B22: =$B$6 -> 200 | C22: =IF(A22<$B$7,B22*$B$5,0) -> 0 | D22: 0 | E22: =MAX(0,E21+D22-C22) -> 1200 | F22: =MAX(0,C22-(E21+D22)) -> 0
A24: Shortage before cut-in (units short) | B24: =SUM(F11:F22) -> 0
A25: E&O units (old parts left after cut-in) | B25: =INDEX(E11:E22,12) -> 1200
A26: E&O exposure ($) | B26: =B25*B8 -> 540000
A28: Reading: receipts already on order after the cut-in decision are what turn a design improvement into a write-off. Pulling cut-in earlier, or cancelling/pushing POs inside the supplier's window, is the planning lever.
